,Province,Lat,Long_,State,Mass gathering restrictions,Initial business closure,Educational facilities closed,Non-essential services closed,Stay at home order,Travel severely limited,1/28/2020,1/29/2020,1/30/2020,1/31/2020,2/1/2020,2/2/2020,2/3/2020,2/4/2020,2/5/2020,2/6/2020,2/7/2020,2/8/2020,2/9/2020,2/10/2020,2/11/2020,2/12/2020,2/13/2020,2/14/2020,2/15/2020,2/16/2020,2/17/2020,2/18/2020,2/19/2020,2/20/2020,2/21/2020,2/22/2020,2/23/2020,2/24/2020,2/25/2020,2/26/2020,2/27/2020,2/28/2020,2/29/2020,3/1/2020,3/2/2020,3/3/2020,3/4/2020,3/5/2020,3/6/2020,3/7/2020,3/8/2020,3/9/2020,3/10/2020,3/11/2020,3/12/2020,3/13/2020,3/14/2020,3/15/2020,3/16/2020,3/17/2020,3/18/2020,3/19/2020,3/20/2020,3/21/2020,3/22/2020,3/23/2020,3/24/2020,3/25/2020,3/26/2020,3/27/2020,3/28/2020,3/29/2020,3/30/2020,3/31/2020,4/1/2020,4/2/2020,4/3/2020,4/4/2020,4/5/2020,4/6/2020,4/7/2020,4/8/2020,4/9/2020,4/10/2020,4/11/2020,4/12/2020,4/13/2020,4/14/2020,4/15/2020,4/16/2020,4/17/2020,4/18/2020,4/19/2020,4/20/2020,4/21/2020,4/22/2020,4/23/2020,4/24/2020,4/25/2020,4/26/2020,4/27/2020,4/28/2020,4/29/2020,4/30/2020,5/1/2020,after_policy1,after_policy2,after_policy3,after_policy4,after_policy5
0,Alabama,2203.246784,-5809.578199,Alabama,3/19/2020,3/19/2020,3/19/2020,3/28/2020,4/4/2020,,0,0,0,0,0,0,0,0,0,0,0,0,0,0,0,0,0,0,0,0,0,0,0,0,0,0,0,0,0,0,0,0,0,0,0,0,0,0,0,0,0,0,0,0,0,5,7,11,29,39,51,78,106,131,157,196,242,381,517,587,694,825,899,987,1060,1233,1495,1614,1765,1952,2169,2328,2703,2947,3217,3563,3734,3953,4075,4345,4571,4712,4888,5079,5317,5593,5832,6026,6026,6421,6539,6750,6912,7088,7294,5.63,5.63,5.63,1.33,0.99
1,Alaska,1747.579877,-4229.319334,Alaska,3/24/2020,3/17/2020,3/16/2020,3/28/2020,3/28/2020,,0,0,0,0,0,0,0,0,0,0,0,0,0,0,0,0,0,0,0,0,0,0,0,0,0,0,0,0,0,0,0,0,0,0,0,0,0,0,0,0,0,0,0,0,0,1,1,1,1,3,5,8,11,13,18,30,34,41,56,58,85,102,114,119,132,143,157,171,185,190,213,226,235,246,257,272,277,285,293,300,309,314,319,321,329,335,337,339,339,340,345,351,355,355,364,2.5,10.33,29,1.01,1.01
2,Arizona,505.1385546,-1671.948482,Arizona,3/30/2020,,3/16/2020,,3/30/2020,,1,1,1,1,1,1,1,1,1,1,1,1,1,1,1,1,1,1,1,1,1,1,1,1,1,1,1,1,1,1,1,1,1,1,1,1,1,1,2,4,4,4,6,9,9,9,12,12,18,20,27,45,68,104,152,235,326,401,508,665,773,919,1157,1289,1413,1596,1769,2019,2269,2460,2575,2726,3018,3112,3393,3542,3705,3809,3964,4237,4511,4724,4933,5068,5256,5473,5772,6045,6286,6534,6725,6955,7209,7655,7969,1.13,0,12.06,0,1.13
3,Arkansas,2618.391704,-6932.54837,Arkansas,3/27/2020,3/19/2020,3/17/2020,,,,0,0,0,0,0,0,0,0,0,0,0,0,0,0,0,0,0,0,0,0,0,0,0,0,0,0,0,0,0,0,0,0,0,0,0,0,0,0,0,0,0,0,0,0,0,9,12,3,3,3,4,62,100,122,165,192,219,280,335,381,409,426,473,523,584,643,704,743,837,875,946,1000,1119,1171,1228,1280,1410,1498,1569,1620,1695,1744,1781,1973,1990,2276,2599,2810,2911,3001,3069,3127,3193,3281,3337,0.85,4.4,72,0,0
4,California,2194.949775,-7002.258461,California,3/11/2020,3/19/2020,3/19/2020,3/19/2020,3/19/2020,,2,2,2,3,3,3,6,6,6,6,6,6,6,6,7,7,8,8,8,8,8,8,8,8,10,10,10,10,10,10,11,11,12,12,21,25,35,51,59,81,95,101,144,178,221,281,372,373,557,700,828,1005,1243,1405,1646,2108,2538,2998,3899,4657,5095,5852,7138,8210,9399,10773,12004,12837,15034,16019,17351,18897,19710,21081,21706,22795,23931,25356,26686,27677,29157,30491,31431,33686,35465,37344,39561,41355,42368,43558,44966,46164,48747,50130,52026,3.65,2.88,2.88,2.88,2.88
5,Colorado,2491.870366,-6751.119357,Colorado,3/19/2020,3/17/2020,3/23/2020,3/26/2020,3/26/2020,,0,0,0,0,0,0,0,0,0,0,0,0,0,0,0,0,0,0,0,0,0,0,0,0,0,0,0,0,0,0,0,0,0,0,0,0,0,0,3,7,7,7,14,30,45,76,101,99,132,167,218,277,363,475,591,704,723,1021,1430,1433,1740,2307,2311,2966,2982,3342,3742,4188,4950,5183,5429,5655,5655,6202,6513,7307,7691,7950,7956,8286,8691,9047,9730,9730,10473,10891,11278,12256,12968,13441,13879,14316,14758,15284,15793,4.16,3.33,2.28,1.34,1.34
6,Connecticut,332.9094411,-581.2546374,Connecticut,3/12/2020,3/16/2020,3/17/2020,3/23/2020,,,0,0,0,0,0,0,0,0,0,0,0,0,0,0,0,0,0,0,0,0,0,0,0,0,0,0,0,0,0,0,0,0,0,0,0,0,0,0,0,0,0,0,1,3,5,11,23,24,41,68,96,159,194,194,327,415,618,875,1012,1291,1524,1993,2571,3128,3557,3824,4914,5276,5675,6906,7781,7781,9784,10538,11510,12035,13381,13989,14755,15884,16809,17550,17962,19815,20360,22469,23100,23936,24583,25269,25997,26312,26767,27700,28764,30.8,9.12,8.09,5.2,0
7,Delaware,117.3278305,-226.5997124,Delaware,3/16/2020,3/16/2020,3/16/2020,3/24/2020,3/24/2020,,0,0,0,0,0,0,0,0,0,0,0,0,0,0,0,0,0,0,0,0,0,0,0,0,0,0,0,0,0,0,0,0,0,0,0,0,0,0,0,0,0,0,0,1,1,4,6,6,8,16,19,30,39,45,56,68,104,119,130,163,214,232,264,319,368,393,450,593,673,783,928,1116,1209,1326,1479,1625,1758,1926,2014,2070,2317,2538,2538,2745,2931,3200,3308,3442,3576,4034,4162,4575,4655,4734,4918,7.5,7.5,7.5,2.07,2.07
8,District of Columbia,38.90417773,-77.01655992,District of Columbia,3/13/2020,3/16/2020,3/16/2020,3/25/2020,3/30/2020,,0,0,0,0,0,0,0,0,0,0,0,0,0,0,0,0,0,0,0,0,0,0,0,0,0,0,0,0,0,0,0,0,0,0,0,0,0,0,0,0,0,0,0,0,0,0,0,0,22,22,31,40,71,98,102,120,141,187,231,271,304,342,401,495,586,653,757,902,1002,1097,1211,1440,1523,1660,1778,1875,1955,2058,2197,2350,2476,2666,2793,2927,3098,3206,3361,3528,3699,3841,3892,3994,4106,4323,4658,70,4.45,4.45,2.13,1.74
9,Florida,1939.030577,-5540.949842,Florida,4/3/2020,3/17/2020,3/17/2020,,4/3/2020,,0,0,0,0,0,0,0,0,0,0,0,0,0,0,0,0,0,0,0,0,0,0,0,0,0,0,0,0,0,0,0,0,0,0,1,2,2,3,3,7,10,13,15,24,30,50,76,100,101,190,306,432,564,763,1004,1227,1412,1682,2357,2900,3763,4246,5473,6741,6956,9008,10268,11537,12350,13324,14545,15456,16364,17531,18494,19895,21019,21628,22511,23343,24759,25492,26314,27059,27869,28309,29648,30533,30839,31532,32138,32848,33193,33690,34728,0.71,6.43,6.43,0,0.71
10,Georgia,5216.556611,-13288.81136,Georgia,3/24/2020,3/24/2020,3/18/2020,,4/3/2020,,0,0,0,0,0,0,0,0,0,0,0,0,0,0,0,0,0,0,0,0,0,0,0,0,0,0,0,0,0,0,0,0,0,0,0,2,2,2,3,5,5,10,17,23,31,42,73,99,121,146,197,287,485,555,621,772,1026,1247,1525,2000,2366,2651,2808,3929,4638,5348,5831,6160,6647,7314,8822,9901,10566,11485,12159,12452,13315,14578,14987,15669,17194,17669,18301,19407,19881,21214,21883,22491,23222,23486,24302,24922,25775,26264,27489,2.83,2.83,5.33,0,0.97
11,Hawaii,105.141415,-786.6161824,Hawaii,3/17/2020,3/17/2020,3/19/2020,3/25/2020,3/25/2020,,0,0,0,0,0,0,0,0,0,0,0,0,0,0,0,0,0,0,0,0,0,0,0,0,0,0,0,0,0,0,0,0,0,0,0,0,0,0,0,1,1,1,3,2,2,2,4,6,8,10,15,25,36,36,53,56,90,91,95,106,149,149,175,204,224,256,319,351,371,387,410,410,442,442,465,499,504,511,524,530,541,574,580,584,586,592,596,601,605,606,607,609,613,618,619,8,8,2.8,1.46,1.46
12,Idaho,1947.589655,-5036.245496,Idaho,3/25/2020,3/25/2020,3/23/2020,3/25/2020,3/25/2020,,0,0,0,0,0,0,0,0,0,0,0,0,0,0,0,0,0,0,0,0,0,0,0,0,0,0,0,0,0,0,0,0,0,0,0,0,0,0,0,0,0,0,0,0,0,1,2,4,4,8,9,23,36,42,42,68,81,91,146,205,234,281,340,515,566,776,891,1022,1078,1101,1170,1210,1232,1354,1396,1407,1426,1464,1473,1587,1609,1655,1668,1672,1736,1766,1836,1870,1887,1897,1897,1952,1952,1984,2015,5.22,5.22,4,5.22,5.22
13,Illinois,4064.049006,-9096.189667,Illinois,3/13/2020,3/16/2020,3/17/2020,3/21/2020,3/21/2020,,1,1,1,2,2,2,2,2,2,2,2,2,2,2,2,2,2,2,2,2,2,2,2,2,2,2,2,2,2,2,2,2,2,3,4,4,4,5,5,6,7,7,12,25,32,46,64,66,83,161,272,422,585,753,1049,1285,1537,1865,2538,3024,3491,4596,5056,5994,6980,7695,8904,10357,11259,12262,13553,15078,16422,17887,19180,20852,22025,23248,24593,25734,27578,29160,30357,31513,33059,35107,36937,39658,41777,43903,45883,48102,50358,52918,56055,11.72,14.48,8.55,3.64,3.64
14,Indiana,3665.036491,-7932.108297,Indiana,3/12/2020,3/16/2020,3/19/2020,3/24/2020,3/25/2020,,0,0,0,0,0,0,0,0,0,0,0,0,0,0,0,0,0,0,0,0,0,0,0,0,0,0,0,0,0,0,0,0,0,0,0,0,0,0,1,1,2,3,6,11,13,13,16,20,25,30,38,60,86,128,204,270,368,477,645,979,1233,1513,1786,2158,2564,3038,3437,3953,4411,4956,5510,5943,6351,6907,7435,7928,8359,8527,8960,9542,10154,10641,11211,11688,12097,12438,13039,13681,14399,15012,15961,16588,17182,17835,18630,3.62,9.8,9.75,4.86,4.38
15,Iowa,4160.961092,-9253.086423,Iowa,3/17/2020,3/17/2020,4/4/2020,3/17/2020,,,0,0,0,0,0,0,0,0,0,0,0,0,0,0,0,0,0,0,0,0,0,0,0,0,0,0,0,0,0,0,0,0,0,0,0,0,0,0,0,0,0,3,8,13,14,17,17,18,23,23,38,44,45,69,90,105,124,146,179,235,298,336,424,497,547,614,699,787,869,946,1046,1145,1270,1388,1510,1587,1710,1899,1995,2141,2332,2513,2902,3159,3641,3748,3924,4445,5092,5476,5868,6376,6843,7145,7884,4.39,4.39,0.92,4.39,0
16,Kansas,4040.964784,-10298.87791,Kansas,3/17/2020,,3/17/2020,,3/30/2020,,0,0,0,0,0,0,0,0,0,0,0,0,0,0,0,0,0,0,0,0,0,0,0,0,0,0,0,0,0,0,0,0,0,0,0,0,0,0,0,0,1,1,1,1,4,6,8,8,11,18,22,35,48,57,65,84,100,134,172,206,266,330,372,434,485,553,629,698,751,849,912,1046,1116,1117,1275,1344,1390,1441,1504,1615,1730,1821,1905,2048,2164,2331,2721,2959,3135,3277,3473,3652,3839,4413,4634,4.56,0,4.56,0,1.28
17,Kentucky,4514.657262,-10223.98687,Kentucky,3/19/2020,3/16/2020,3/20/2020,3/26/2020,,,0,0,0,0,0,0,0,0,0,0,0,0,0,0,0,0,0,0,0,0,0,0,0,0,0,0,0,0,0,0,0,0,0,0,0,0,0,0,1,1,1,4,5,8,10,14,16,18,21,26,28,50,64,87,103,123,162,197,247,301,380,438,479,628,632,770,770,917,955,955,1149,1149,1341,1693,1693,1963,2018,2048,2210,2435,2522,2707,2960,3050,3204,3378,3479,3779,3915,4085,4156,4375,4537,4708,4882,3.94,4.86,3.7,2.12,0
18,Louisiana,1989.915353,-5876.747946,Louisiana,3/13/2020,3/17/2020,3/16/2020,3/22/2020,3/23/2020,,0,0,0,0,0,0,0,0,0,0,0,0,0,0,0,0,0,0,0,0,0,0,0,0,0,0,0,0,0,0,0,0,0,0,0,0,0,0,0,0,0,0,0,5,19,29,77,87,115,196,257,392,537,763,837,1172,1388,1795,2304,2744,3315,3540,4025,5237,6424,9149,10297,12496,13010,14867,16284,17030,18283,19253,20014,20595,21016,21518,21951,22532,23118,23580,23928,24523,24854,25258,25739,26140,26512,26773,27068,27286,27660,28001,28711,17.52,6.08,9.19,3.23,2.43
19,Maine,715.0030145,-1112.380298,Maine,3/18/2020,3/18/2020,3/16/2020,3/25/2020,4/2/2020,,0,0,0,0,0,0,0,0,0,0,0,0,0,0,0,0,0,0,0,0,0,0,0,0,0,0,0,0,0,0,0,0,0,0,0,0,0,0,0,0,0,0,0,0,1,3,3,2,17,26,35,52,56,70,89,107,118,142,155,168,211,253,275,303,303,376,432,456,470,499,519,537,560,586,616,633,698,735,770,796,827,847,867,875,888,907,937,965,965,1015,1023,1040,1056,1095,1123,3.06,3.06,5.29,1.13,0.49
20,Maryland,936.3580966,-1840.211223,Maryland,3/16/2020,3/16/2020,3/16/2020,3/23/2020,3/30/2020,,0,0,0,0,0,0,0,0,0,0,0,0,0,0,0,0,0,0,0,0,0,0,0,0,0,0,0,0,0,0,0,0,0,0,0,0,0,0,3,3,5,5,8,9,12,18,27,24,42,60,85,107,149,193,244,290,349,425,583,775,995,1239,1413,1660,1986,2331,2758,3125,3617,4045,4371,5529,6185,6968,7694,8225,8936,9472,10032,10784,11572,12326,12847,13684,14193,14775,15737,16616,17766,18581,19487,20113,20849,21742,23472,5.9,5.9,5.9,3.87,1.86
21,Massachusetts,630.9941489,-1071.277031,Massachusetts,3/13/2020,3/17/2020,3/17/2020,3/24/2020,,,0,0,0,0,1,1,1,1,1,1,1,1,1,1,1,1,1,1,1,1,1,1,1,1,1,1,1,1,1,1,1,1,1,1,1,2,2,2,6,6,22,22,41,92,107,123,138,138,187,217,252,328,413,523,640,777,1159,1838,2417,3240,4257,4955,5752,6620,7738,8966,10402,11736,12500,13837,15202,16790,18941,20974,22860,25475,26867,28164,29918,32181,34402,36372,38077,38077,41199,42944,46023,50969,53348,54938,56462,58302,60265,62205,64311,2.36,4.34,4.34,4.71,0
22,Michigan,3655.620467,-7070.080729,Michigan,3/13/2020,3/16/2020,3/16/2020,3/23/2020,3/24/2020,,0,0,0,0,0,0,0,0,0,0,0,0,0,0,0,0,0,0,0,0,0,0,0,0,0,0,0,0,0,0,0,0,0,0,0,0,0,0,0,0,0,0,0,2,2,16,25,32,54,63,119,259,402,540,1035,1329,1793,2296,2845,3634,4650,5488,6498,7615,9315,10791,12744,14225,15718,17221,18970,20346,21504,22434,23605,24244,25635,27001,28059,28809,30023,30791,31424,32000,32667,33966,35296,36666,37074,37778,38210,39262,40399,41379,42356,24.13,23.61,23.61,3.89,3.25
23,Minnesota,3963.025129,-8215.492913,Minnesota,3/28/2020,3/17/2020,3/18/2020,,3/28/2020,,0,0,0,0,0,0,0,0,0,0,0,0,0,0,0,0,0,0,0,0,0,0,0,0,0,0,0,0,0,0,0,0,0,0,0,0,0,0,1,1,1,2,2,5,9,14,21,21,53,59,77,89,113,134,167,234,261,286,344,396,441,503,576,629,689,742,788,865,935,986,1069,1154,1240,1336,1427,1621,1621,1695,1809,1809,2070,2209,2356,2470,2567,2722,2942,3185,3446,3602,3811,4181,4644,5136,5730,0.96,3.42,2.71,0,0.96
24,Mississippi,2689.003578,-7350.949516,Mississippi,3/24/2020,3/24/2020,3/19/2020,4/3/2020,4/3/2020,,0,0,0,0,0,0,0,0,0,0,0,0,0,0,0,0,0,0,0,0,0,0,0,0,0,0,0,0,0,0,0,0,0,0,0,0,0,0,0,0,0,0,0,0,1,6,6,6,12,21,34,50,80,140,207,249,320,377,485,579,663,759,847,937,1073,1177,1358,1455,1638,1738,1915,2003,2260,2469,2642,2781,2942,3087,3360,3624,3793,3974,4274,4512,4716,4894,5153,5434,5718,5911,6094,6342,6569,6815,7212,1.93,1.93,8.7,0.82,0.82
25,Missouri,4460.984726,-10729.94048,Missouri,3/23/2020,3/23/2020,3/23/2020,,4/6/2020,,0,0,0,0,0,0,0,0,0,0,0,0,0,0,0,0,0,0,0,0,0,0,0,0,0,0,0,0,0,0,0,0,0,0,0,0,0,0,0,0,1,1,1,1,2,4,4,5,6,12,18,39,73,81,100,187,257,354,520,666,836,915,1051,1357,1613,1857,1864,2310,2347,2736,3130,3209,3432,3897,4108,4269,4515,4746,4791,5174,5371,5579,5743,5890,6066,6277,6506,6788,6935,7120,7305,7450,7660,7818,8067,4.62,4.62,4.62,0,0.65
26,Montana,2630.582703,-6143.222113,Montana,3/24/2020,3/20/2020,3/15/2020,3/26/2020,3/26/2020,,0,0,0,0,0,0,0,0,0,0,0,0,0,0,0,0,0,0,0,0,0,0,0,0,0,0,0,0,0,0,0,0,0,0,0,0,0,0,0,0,0,0,0,0,0,1,5,6,6,8,10,11,20,27,34,34,51,65,90,109,129,154,171,198,208,241,243,265,286,299,319,332,354,365,377,387,394,399,404,415,422,426,433,433,437,439,442,444,445,448,449,451,451,453,453,2.88,4.45,4.67,1.68,1.68
27,Nebraska,3842.92693,-9210.628137,Nebraska,3/16/2020,3/19/2020,4/2/2020,,,,0,0,0,0,0,0,0,0,0,0,0,0,0,0,0,0,0,0,0,0,0,0,0,0,0,0,0,0,0,0,0,0,0,0,0,0,0,0,1,1,1,3,3,5,10,14,18,17,18,23,24,29,37,38,51,51,66,71,74,82,96,108,145,172,210,246,279,321,364,417,447,519,568,635,699,791,814,897,901,952,1066,1249,1474,1648,1685,1813,2202,2424,2719,3030,3358,3517,3851,4281,5008,1.83,1.55,1.31,0,0
28,Nevada,667.3519447,-1998.58789,Nevada,3/24/2020,3/18/2020,3/16/2020,3/21/2020,3/31/2020,,0,0,0,0,0,0,0,0,0,0,0,0,0,0,0,0,0,0,0,0,0,0,0,0,0,0,0,0,0,0,0,0,0,0,0,0,0,1,2,2,4,4,4,7,10,18,20,20,45,55,55,95,161,161,190,245,278,323,420,536,626,920,1012,1114,1279,1463,1514,1742,1855,1953,2124,2259,2456,2722,2702,2836,2990,3134,3211,3214,3524,3626,3728,3830,3937,4081,4208,4398,4539,4734,4700,4821,4934,5053,5248,3.01,4.87,4.44,2.89,0.91
29,New Hampshire,434.7897288,-715.7765671,New Hampshire,3/16/2020,3/16/2020,3/16/2020,3/28/2020,3/27/2020,,0,0,0,0,0,0,0,0,0,0,0,0,0,0,0,0,0,0,0,0,0,0,0,0,0,0,0,0,0,0,0,0,0,0,1,2,2,2,2,2,4,4,4,5,6,6,7,7,17,26,37,42,53,61,73,101,101,108,137,158,187,214,314,357,367,479,479,540,621,715,715,747,819,819,885,929,985,922,1139,1139,1287,1342,1390,1447,1490,1588,1670,1720,1797,1864,1938,2010,2058,2146,2310,4.94,4.94,4.94,1.89,2.03
30,New Jersey,846.0152591,-1567.071444,New Jersey,3/16/2020,3/16/2020,3/18/2020,3/21/2020,3/21/2020,,0,0,0,0,0,0,0,0,0,0,0,0,0,0,0,0,0,0,0,0,0,0,0,0,0,0,0,0,0,0,0,0,0,0,0,0,0,2,2,4,5,5,15,23,29,49,69,72,176,250,397,741,890,1327,1914,2844,3675,4402,6876,8825,11124,13386,16636,18696,22255,25590,29895,34124,37505,41090,44416,47437,51027,54588,58151,61850,64584,68824,71030,75317,78467,81420,85301,88722,92387,95914,100025,102196,105498,109038,111188,113856,116365,118652,121190,15.16,15.16,10.09,7.38,7.38
31,New Mexico,1140.128846,-3494.274545,New Mexico,3/12/2020,3/16/2020,3/13/2020,3/24/2020,,,0,0,0,0,0,0,0,0,0,0,0,0,0,0,0,0,0,0,0,0,0,0,0,0,0,0,0,0,0,0,0,0,0,0,0,0,0,0,0,0,0,0,0,3,5,10,13,13,21,23,28,35,42,55,57,83,100,113,113,136,208,237,237,315,327,373,490,506,624,686,794,821,865,1081,1091,1245,1262,1345,1484,1484,1597,1798,1845,1971,1971,2210,2379,2521,2660,2726,2825,2974,3213,3411,3513,6,2.95,3.2,2.15,0
32,New York,2637.737383,-4679.399365,New York,3/12/2020,3/16/2020,3/18/2020,3/22/2020,3/22/2020,,0,0,0,0,0,0,0,0,0,0,0,0,0,0,0,0,0,0,0,0,0,0,0,0,0,0,0,0,0,0,0,0,0,0,1,2,11,23,31,76,106,142,150,220,327,421,613,615,967,1578,3038,5704,8403,11727,15800,20884,25681,30841,37877,44876,52410,59648,66663,75833,83948,92506,102987,113833,123160,131815,139875,151061,161779,172348,181026,189033,195749,203020,214454,223691,230597,237474,243382,248416,253519,258222,263460,271590,282143,288045,291996,295106,299691,304372,308314,16.44,20.6,9.15,2.78,2.78
33,North Carolina,3562.420971,-7950.109874,North Carolina,3/14/2020,3/17/2020,3/14/2020,3/30/2020,3/30/2020,,0,0,0,0,0,0,0,0,0,0,0,0,0,0,0,0,0,0,0,0,0,0,0,0,0,0,0,0,0,0,0,0,0,0,0,1,1,1,2,2,2,2,7,7,15,17,25,32,39,64,92,136,189,256,305,353,495,590,738,887,1020,1191,1313,1535,1675,1977,2251,2486,2649,2962,3299,3499,3736,3965,4354,4570,4886,5113,5340,5639,6045,6328,6601,6895,7134,7495,7820,8290,8768,8997,9428,9755,10180,10754,11070,9.24,6.73,9.24,1.26,1.26
34,North Dakota,2511.855857,-5313.217852,North Dakota,,3/20/2020,3/16/2020,,,,0,0,0,0,0,0,0,0,0,0,0,0,0,0,0,0,0,0,0,0,0,0,0,0,0,0,0,0,0,0,0,0,0,0,0,0,0,0,0,0,0,0,0,0,1,1,1,1,1,3,6,19,26,28,28,30,36,45,51,68,94,98,109,122,142,159,173,186,207,225,237,251,269,278,293,308,331,341,365,393,393,528,585,627,644,679,709,748,803,867,942,991,1033,1067,1107,0,1.62,29,0,0
35,Ohio,3547.338944,-7289.515905,Ohio,3/12/2020,3/15/2020,3/16/2020,3/23/2020,3/23/2020,,0,0,0,0,0,0,0,0,0,0,0,0,0,0,0,0,0,0,0,0,0,0,0,0,0,0,0,0,0,0,0,0,0,0,0,0,0,0,0,0,0,0,3,4,5,12,26,30,50,67,89,119,173,247,356,443,567,704,868,1137,1406,1653,1933,2199,2547,2901,3312,3739,4043,4453,4782,5148,5512,5878,6250,6604,6975,7285,7794,8414,9107,10222,11602,12919,13725,14117,14694,15169,15587,15972,16325,16769,17303,18027,18743,22.8,10.87,7.86,3.36,3.36
36,Oklahoma,2733.647411,-7488.357767,Oklahoma,3/24/2020,4/1/2020,3/17/2020,4/1/2020,,,0,0,0,0,0,0,0,0,0,0,0,0,0,0,0,0,0,0,0,0,0,0,0,0,0,0,0,0,0,0,0,0,0,0,0,0,0,0,0,1,1,1,2,2,3,3,4,4,10,17,17,44,49,53,67,81,106,164,248,322,377,429,481,568,721,881,990,1161,1254,1329,1474,1526,1686,1794,1868,1970,2069,2184,2263,2357,2465,2465,2567,2680,2807,2894,3017,3121,3194,3254,3281,3410,3473,3618,3748,4.36,1.12,5.24,1.12,0
37,Oregon,1601.726424,-4373.169106,Oregon,3/12/2020,3/17/2020,3/16/2020,,3/23/2020,,0,0,0,0,0,0,0,0,0,0,0,0,0,0,0,0,0,0,0,0,0,0,0,0,0,0,0,0,0,0,0,0,1,1,3,3,3,3,3,6,14,14,14,19,24,30,36,36,39,66,75,88,114,137,161,191,210,266,316,416,479,548,606,690,736,826,899,899,1068,1068,1132,1181,1321,1322,1371,1527,1584,1633,1663,1736,1785,1844,1910,1957,2004,2059,2127,2177,2253,2311,2354,2385,2446,2510,2579,2.67,2.18,3.9,0,2.17
38,Pennsylvania,2734.81125,-5200.226295,Pennsylvania,4/1/2020,3/18/2020,3/17/2020,3/23/2020,4/1/2020,,0,0,0,0,0,0,0,0,0,0,0,0,0,0,0,0,0,0,0,0,0,0,0,0,0,0,0,0,0,0,0,0,0,0,0,0,0,0,2,2,6,7,12,16,22,41,47,47,79,112,155,206,311,399,509,698,946,1260,1795,2345,2845,3432,4155,4963,6009,7268,8570,10444,11589,13127,14853,16631,18300,20051,21719,22938,24292,25465,26753,28258,29888,31652,32902,33914,35249,36082,38379,40208,41153,42616,43558,45137,46327,47971,49579,1.77,7.13,7.45,4.95,1.77
39,Rhode Island,208.2757105,-357.3205255,Rhode Island,3/17/2020,3/17/2020,3/16/2020,,3/28/2020,,0,0,0,0,0,0,0,0,0,0,0,0,0,0,0,0,0,0,0,0,0,0,0,0,0,0,0,0,0,0,0,0,0,1,2,2,2,2,2,3,3,3,3,5,3,12,20,20,21,23,33,44,54,66,83,106,124,132,165,203,239,294,408,488,566,645,711,806,922,1082,1229,1450,1727,1727,2349,2665,2665,3251,3251,3529,4177,4491,4706,5090,5500,5841,6256,6699,7129,7439,7708,7927,8247,8621,8962,4.39,4.39,4.05,0,2.37
40,South Carolina,1562.043718,-3725.236386,South Carolina,3/18/2020,3/18/2020,3/16/2020,,4/7/2020,,0,0,0,0,0,0,0,0,0,0,0,0,0,0,0,0,0,0,0,0,0,0,0,0,0,0,0,0,0,0,0,0,0,0,0,0,0,0,0,2,2,3,7,10,7,8,19,19,30,47,60,80,126,174,196,298,342,424,424,542,660,774,925,1083,1293,1554,1700,1917,2049,2232,2417,2417,2793,3067,3211,3320,3391,3553,3656,3931,4099,4248,4377,4446,4439,4761,4917,5070,5253,5498,5613,5735,5882,6095,6258,6.07,6.07,8.93,0,0.47
41,South Dakota,2921.997865,-6554.501988,South Dakota,4/6/2020,,3/16/2020,,,,0,0,0,0,0,0,0,0,0,0,0,0,0,0,0,0,0,0,0,0,0,0,0,0,0,0,0,0,0,0,0,0,0,0,0,0,0,0,0,0,0,0,0,8,7,8,8,8,10,11,11,14,14,14,21,28,30,41,46,58,68,90,101,108,129,165,187,212,240,288,320,393,447,536,626,730,868,988,1168,1311,1411,1542,1635,1685,1755,1858,1956,2040,2147,2212,2244,2313,2373,2449,2525,2.01,0,1.8,0,0
42,Tennessee,3409.08471,-8180.328684,Tennessee,3/23/2020,3/23/2020,3/20/2020,4/1/2020,4/2/2020,,0,0,0,0,0,0,0,0,0,0,0,0,0,0,0,0,0,0,0,0,0,0,0,0,0,0,0,0,0,0,0,0,0,0,0,0,0,1,1,1,3,3,3,9,18,26,32,32,52,74,100,154,223,304,393,614,772,916,1097,1318,1511,1720,1917,2391,2933,3013,3067,3322,3633,3802,4139,4363,4634,4891,5132,5508,5610,5827,5827,6166,6263,6589,7070,7238,7394,7394,8266,8728,9189,9667,9918,10052,10366,10735,11891,2.12,2.12,4.91,0.49,0.54
43,Texas,8041.803434,-25057.87943,Texas,3/21/2020,3/21/2020,3/19/2020,,4/2/2020,,0,0,0,0,0,0,0,0,0,0,0,0,0,0,0,0,0,0,0,0,0,0,0,0,0,0,0,0,0,0,0,0,0,0,0,0,0,3,4,8,11,13,16,21,27,44,60,63,85,110,196,306,429,582,643,758,955,1229,1563,1937,2455,2792,3147,3809,4355,5069,5734,6567,7209,8043,8925,9777,11208,12105,13023,13677,14275,15006,15907,16876,17849,18704,19260,19751,20574,21321,22650,23642,24153,24967,25321,26357,27257,28727,29692,3.22,3.22,4.11,0,1.21
44,Utah,1388.550986,-3904.519943,Utah,3/19/2020,3/19/2020,3/16/2020,,,,0,0,0,0,0,0,0,0,0,0,0,0,0,0,0,0,0,0,0,0,0,0,0,0,0,0,0,0,0,0,0,0,0,0,0,0,0,0,0,1,1,1,2,3,3,9,10,18,28,39,47,62,95,118,162,257,298,340,396,472,602,720,798,888,888,1086,1248,1428,1601,1678,1739,1848,1856,2103,2207,2303,2363,2417,2548,2683,2793,2917,3069,3213,3297,3445,3612,3782,3948,4123,4236,4345,4497,4672,4828,5.39,5.39,8.18,0,0
45,Vermont,618.2329412,-1017.58133,Vermont,3/13/2020,3/17/2020,3/18/2020,3/25/2020,3/24/2020,,0,0,0,0,0,0,0,0,0,0,0,0,0,0,0,0,0,0,0,0,0,0,0,0,0,0,0,0,0,0,0,0,0,0,0,0,0,0,0,0,1,1,1,1,2,2,5,5,12,12,13,22,29,49,52,75,95,125,158,184,211,235,256,293,321,338,389,461,512,543,575,605,628,679,711,727,748,752,759,774,779,803,813,816,818,823,825,827,843,851,855,862,862,866,879,13.5,6.92,8.62,1.57,2.08
46,Virginia,4996.297993,-10442.32366,Virginia,3/15/2020,3/17/2020,3/16/2020,3/24/2020,3/30/2020,,0,0,0,0,0,0,0,0,0,0,0,0,0,0,0,0,0,0,0,0,0,0,0,0,0,0,0,0,0,0,0,0,0,0,0,0,0,0,0,0,2,2,8,9,12,27,37,37,49,67,79,103,123,157,220,254,293,396,466,607,740,890,1020,1249,1483,1706,2012,2407,2640,2878,3335,3645,4042,4509,5077,5274,5747,6182,6500,6889,7491,8053,8542,8990,9630,10266,10998,11594,12366,12970,13538,14339,14962,15847,16902,4.95,3.37,4.18,3.26,1.82
47,Washington,1842.11767,-4708.049596,Washington,3/11/2020,3/16/2020,3/13/2020,3/25/2020,3/23/2020,,1,1,1,1,1,1,1,1,1,1,1,1,1,1,1,1,1,1,1,1,1,1,1,1,1,1,1,1,1,1,1,1,7,11,18,27,39,70,78,102,122,122,167,282,442,568,642,603,779,955,1022,1374,1524,1793,1997,2221,2328,2591,3207,3477,4030,4465,4923,5432,5608,6389,6846,7247,7825,8311,8692,9276,9639,10119,10434,10609,10635,10799,10942,11057,11517,11776,11978,12114,12392,12596,12753,12977,13319,13521,13686,13842,14070,14327,14637,2.62,1.85,1.68,1.16,1.22
48,West Virginia,2134.783954,-4433.959998,West Virginia,3/24/2020,3/18/2020,3/14/2020,3/24/2020,3/25/2020,,0,0,0,0,0,0,0,0,0,0,0,0,0,0,0,0,0,0,0,0,0,0,0,0,0,0,0,0,0,0,0,0,0,0,0,0,0,0,0,0,0,0,0,0,0,0,0,0,0,0,1,2,8,12,16,16,22,39,52,76,96,113,145,162,191,216,237,282,324,345,412,483,514,574,577,593,611,640,702,728,775,785,890,902,908,939,981,1010,1010,1055,1063,1095,1110,1125,1152,6.36,38,11,6.36,3.9
49,Wisconsin,3196.450332,-6465.454559,Wisconsin,3/17/2020,3/17/2020,3/18/2020,3/25/2020,3/25/2020,,0,0,0,0,0,0,0,0,0,0,0,0,0,0,0,0,0,0,0,0,0,0,0,0,0,0,0,0,0,0,0,0,0,0,0,0,0,0,0,0,0,0,3,4,8,19,27,28,48,73,111,159,219,282,381,425,481,621,728,926,1055,1164,1230,1412,1556,1748,2012,2030,2320,2449,2578,2710,2886,3068,3213,3341,3428,3555,3721,3875,4053,4199,4346,4499,4625,4845,5052,5356,5687,5912,6081,6289,6520,6854,7314,5.59,5.59,4.59,1.51,1.51
50,Wyoming,990.9983666,-2464.524571,Wyoming,3/20/2020,3/19/2020,3/19/2020,,,,0,0,0,0,0,0,0,0,0,0,0,0,0,0,0,0,0,0,0,0,0,0,0,0,0,0,0,0,0,0,0,0,0,0,0,0,0,0,0,0,0,0,0,0,1,1,2,2,2,11,16,18,21,23,26,26,29,44,53,70,82,86,94,109,130,150,162,187,197,210,216,221,230,239,261,270,275,282,287,296,305,309,313,317,443,447,453,473,491,502,520,536,545,559,566,2.33,1.94,1.94,0,0
